{
  "classes": {
    "background": {
      "mean": [
        255.93667602539062,
        255.93975830078125,
        255.93499755859375
      ],
      "std": [
        8.0,
        8.0,
        8.0
      ]
    },
    "track_green": {
      "mean": [
        88.51834106445312,
        172.22816467285156,
        58.42341995239258
      ],
      "std": [
        29.240192413330078,
        14.559082984924316,
        34.54426193237305
      ]
    },
    "split_red": {
      "mean": [
        253.32675170898438,
        29.706186294555664,
        28.56557846069336
      ],
      "std": [
        8.490795135498047,
        55.00996780395508,
        54.88285827636719
      ]
    },
    "merge_purple": {
      "mean": [
        162.7405242919922,
        51.4227294921875,
        150.09889221191406
      ],
      "std": [
        8.740669250488281,
        18.27616310119629,
        10.065938949584961
      ]
    },
    "station_blue": {
      "mean": [
        0.0,
        112.0,
        192.0
      ],
      "std": [
        8.0,
        8.0,
        8.0
      ]
    },
    "arrow_black": {
      "mean": [
        2.7652370929718018,
        2.7652370929718018,
        2.7652370929718018
      ],
      "std": [
        9.5383882522583,
        9.5383882522583,
        9.5383882522583
      ]
    }
  },
  "meta": {
    "trained_images": 5
  }
}